<?xml version="1.0" encoding="UTF-8"?>
<tareas><tarea><porcentajeAvance>0</porcentajeAvance><estado>en proceso</estado><analisis0>true</analisis0><analisis1>false</analisis1><analisis2>false</analisis2><url>https://www.intel.la/content/www/xl/es/products/details/processors.html</url><imagenes>false</imagenes><enlaces>false</enlaces></tarea><tarea><porcentajeAvance>0</porcentajeAvance><estado>en proceso</estado><analisis0>false</analisis0><analisis1>false</analisis1><analisis2>true</analisis2><url>https://www.amd.com/es/processors/ryzen</url><imagenes>false</imagenes><enlaces>false</enlaces></tarea></tareas>
