<?xml version="1.0" encoding="UTF-8"?>
<administradores><administrador><user>tefi</user><contrasenia>ef1fedf5d32ead6b7aaf687de4ed1b71</contrasenia><tipoUsuario>administrador</tipoUsuario><activo>true</activo></administrador><administrador><user>cataas</user><contrasenia>ef1fedf5d32ead6b7aaf687de4ed1b71</contrasenia><tipoUsuario>administrador</tipoUsuario><activo>true</activo></administrador><administrador><user>isma</user><contrasenia>ef1fedf5d32ead6b7aaf687de4ed1b71</contrasenia><tipoUsuario>administrador</tipoUsuario><activo>true</activo></administrador><administrador><user>jadmin</user><contrasenia>ef1fedf5d32ead6b7aaf687de4ed1b71</contrasenia><tipoUsuario>administrador</tipoUsuario><activo>false</activo></administrador></administradores>
