<?xml version="1.0" encoding="UTF-8"?>
<examinadores><examinador><user>digitador</user><contrasenia>ef1fedf5d32ead6b7aaf687de4ed1b71</contrasenia><rol>digitador</rol><tipoUsuario>examinador</tipoUsuario><activo>false</activo></examinador><examinador><user>gestor</user><contrasenia>ef1fedf5d32ead6b7aaf687de4ed1b71</contrasenia><rol>gestor</rol><tipoUsuario>examinador</tipoUsuario><activo>true</activo></examinador><examinador><user>analista</user><contrasenia>ef1fedf5d32ead6b7aaf687de4ed1b71</contrasenia><rol>analista</rol><tipoUsuario>examinador</tipoUsuario><activo>true</activo></examinador><examinador><user>digitador2</user><contrasenia>ef1fedf5d32ead6b7aaf687de4ed1b71</contrasenia><rol>digitador</rol><tipoUsuario>examinador</tipoUsuario><activo>true</activo></examinador><examinador><user>ismpg</user><contrasenia>ef1fedf5d32ead6b7aaf687de4ed1b71</contrasenia><rol>gestor</rol><tipoUsuario>examinador</tipoUsuario><activo>true</activo></examinador><examinador><user>analista2</user><contrasenia>ef1fedf5d32ead6b7aaf687de4ed1b71</contrasenia><rol>no seleccionado</rol><tipoUsuario>examinador</tipoUsuario><activo>false</activo></examinador><examinador><user>analista3</user><contrasenia>ef1fedf5d32ead6b7aaf687de4ed1b71</contrasenia><rol /><tipoUsuario>examinador</tipoUsuario><activo>false</activo></examinador><examinador><user>analista4</user><contrasenia>ef1fedf5d32ead6b7aaf687de4ed1b71</contrasenia><rol /><tipoUsuario>examinador</tipoUsuario><activo>false</activo></examinador><examinador><user>analista5</user><contrasenia>ef1fedf5d32ead6b7aaf687de4ed1b71</contrasenia><rol>analista</rol><tipoUsuario>examinador</tipoUsuario><activo>true</activo></examinador><examinador><user>Analista4</user><contrasenia>ef1fedf5d32ead6b7aaf687de4ed1b71</contrasenia><rol>analista</rol><tipoUsuario>examinador</tipoUsuario><activo>true</activo></examinador><examinador><user>analista7</user><contrasenia>ef1fedf5d32ead6b7aaf687de4ed1b71</contrasenia><rol>analista</rol><tipoUsuario>examinador</tipoUsuario><activo>true</activo></examinador></examinadores>
