<?xml version="1.0" encoding="UTF-8"?>
<tareas><tarea><porcentajeAvance>0</porcentajeAvance><estado>finalizado</estado><analisis0>true</analisis0><analisis1>false</analisis1><analisis2>false</analisis2><url>https://www.amd.com/es.html</url><imagenes>false</imagenes><enlaces>false</enlaces><analista>analista</analista></tarea><tarea><porcentajeAvance>0</porcentajeAvance><estado>en proceso</estado><analisis0>false</analisis0><analisis1>true</analisis1><analisis2>false</analisis2><url>https://www.intel.la/content/www/xl/es/homepage.html</url><imagenes>false</imagenes><enlaces>true</enlaces><analista>analista</analista></tarea><tarea><porcentajeAvance>0</porcentajeAvance><estado>en proceso</estado><analisis0>false</analisis0><analisis1>true</analisis1><analisis2>false</analisis2><url>https://compubetel.com</url><imagenes>true</imagenes><enlaces>false</enlaces><analista>analista</analista></tarea><tarea><porcentajeAvance>0</porcentajeAvance><estado>en proceso</estado><analisis0>false</analisis0><analisis1>true</analisis1><analisis2>true</analisis2><url>https://almaceneselrey.com</url><imagenes>true</imagenes><enlaces>true</enlaces><analista>analista</analista></tarea><tarea><porcentajeAvance>0</porcentajeAvance><estado>en proceso</estado><analisis0>false</analisis0><analisis1>true</analisis1><analisis2>false</analisis2><url>https://www.tiendasekono.com</url><imagenes>true</imagenes><enlaces>true</enlaces><analista>analista</analista></tarea><tarea><porcentajeAvance>0</porcentajeAvance><estado>en proceso</estado><analisis0>true</analisis0><analisis1>true</analisis1><analisis2>false</analisis2><url>https://tienda.pequenomundo.com</url><imagenes>true</imagenes><enlaces>true</enlaces><analista>analista</analista></tarea><tarea><porcentajeAvance>0</porcentajeAvance><estado>en proceso</estado><analisis0>true</analisis0><analisis1>false</analisis1><analisis2>true</analisis2><url>https://www.amazon.com/?&amp;tag=googleglobalp-20&amp;ref=pd_sl_7nnedyywlk_e&amp;adgrpid=159651196451&amp;hvpone=&amp;hvptwo=&amp;hvadid=675114638556&amp;hvpos=&amp;hvnetw=g&amp;hvrand=8478512013643893356&amp;hvqmt=e&amp;hvdev=c&amp;hvdvcmdl=&amp;hvlocint=&amp;hvlocphy=9070294&amp;hvtargid=kwd-10573980&amp;hydadcr=2246_13649807</url><imagenes>false</imagenes><enlaces>false</enlaces><analista>analista</analista></tarea><tarea><porcentajeAvance>0</porcentajeAvance><estado>en proceso</estado><analisis0>true</analisis0><analisis1>true</analisis1><analisis2>true</analisis2><url>https://es.shein.com</url><imagenes>true</imagenes><enlaces>true</enlaces><analista>analista</analista></tarea><tarea><porcentajeAvance>0</porcentajeAvance><estado>en proceso</estado><analisis0>false</analisis0><analisis1>false</analisis1><analisis2>true</analisis2><url>https://www.gollo.com/index.php?gclid=Cj0KCQiAoKeuBhCoARIsAB4Wxtd5Kc9YqPUIL72oxwlxczb9tQSREF4m9B-TymLP5hILd5wSGrlDsmkaAqCZEALw_wcB</url><imagenes>false</imagenes><enlaces>false</enlaces><analista>analista5</analista></tarea></tareas>
