<?xml version="1.0" encoding="UTF-8"?>
<project-private xmlns="http://www.netbeans.org/ns/project-private/1">
    <editor-bookmarks xmlns="http://www.netbeans.org/ns/editor-bookmarks/2" lastBookmarkId="0"/>
    <open-files xmlns="http://www.netbeans.org/ns/projectui-open-files/2">
        <group>
            <file>file:/C:/Users/Estephanie/OneDrive%20-%20Universidad%20de%20Costa%20Rica/Documentos/GitHub/analizador-de-sitios-web-paralelos/Proyecto(Registro,%20inicio%20de%20sesión,%20observer%20y%20bases%20analisis)/Proyecto/ProyectoServidor/src/GUI/JIFAsignarTarea.java</file>
            <file>file:/C:/Users/Estephanie/OneDrive%20-%20Universidad%20de%20Costa%20Rica/Documentos/GitHub/analizador-de-sitios-web-paralelos/Proyecto(Registro,%20inicio%20de%20sesión,%20observer%20y%20bases%20analisis)/Proyecto/ProyectoServidor/src/Data/TareaData.java</file>
            <file>file:/C:/Users/Estephanie/OneDrive%20-%20Universidad%20de%20Costa%20Rica/Documentos/GitHub/analizador-de-sitios-web-paralelos/Proyecto(Registro,%20inicio%20de%20sesión,%20observer%20y%20bases%20analisis)/Proyecto/ProyectoServidor/src/GUI/JFPrincipal.java</file>
            <file>file:/C:/Users/Estephanie/OneDrive%20-%20Universidad%20de%20Costa%20Rica/Documentos/GitHub/analizador-de-sitios-web-paralelos/Proyecto(Registro,%20inicio%20de%20sesión,%20observer%20y%20bases%20analisis)/Proyecto/ProyectoServidor/src/GUI/JIFDatosAnalisis.java</file>
            <file>file:/C:/Users/Estephanie/OneDrive%20-%20Universidad%20de%20Costa%20Rica/Documentos/GitHub/analizador-de-sitios-web-paralelos/Proyecto(Registro,%20inicio%20de%20sesión,%20observer%20y%20bases%20analisis)/Proyecto/ProyectoServidor/src/GUI/JIFGrafico.java</file>
            <file>file:/C:/Users/Estephanie/OneDrive%20-%20Universidad%20de%20Costa%20Rica/Documentos/GitHub/analizador-de-sitios-web-paralelos/Proyecto(Registro,%20inicio%20de%20sesión,%20observer%20y%20bases%20analisis)/Proyecto/ProyectoServidor/src/Business/TareaBusiness.java</file>
            <file>file:/C:/Users/Estephanie/OneDrive%20-%20Universidad%20de%20Costa%20Rica/Documentos/GitHub/analizador-de-sitios-web-paralelos/Proyecto(Registro,%20inicio%20de%20sesión,%20observer%20y%20bases%20analisis)/Proyecto/ProyectoServidor/src/Domain/Examinador.java</file>
        </group>
    </open-files>
</project-private>
