<?xml version="1.0" encoding="UTF-8"?>
<project-private xmlns="http://www.netbeans.org/ns/project-private/1">
    <editor-bookmarks xmlns="http://www.netbeans.org/ns/editor-bookmarks/2" lastBookmarkId="0"/>
    <open-files xmlns="http://www.netbeans.org/ns/projectui-open-files/2">
        <group>
            <file>file:/C:/Users/catas/Documents/GitHub/analizador-de-sitios-web-paralelos/Proyecto(Registro,%20inicio%20de%20sesión,%20observer%20y%20bases%20analisis)/Proyecto/ProyectoCliente/src/GUI/JIFGrafico.java</file>
            <file>file:/C:/Users/catas/Documents/GitHub/analizador-de-sitios-web-paralelos/Proyecto(Registro,%20inicio%20de%20sesión,%20observer%20y%20bases%20analisis)/Proyecto/ProyectoCliente/src/GUI/JIFRealizarAnalisis.java</file>
            <file>file:/C:/Users/catas/Documents/GitHub/analizador-de-sitios-web-paralelos/Proyecto(Registro,%20inicio%20de%20sesión,%20observer%20y%20bases%20analisis)/Proyecto/ProyectoCliente/src/Data/AnalisisData.java</file>
            <file>file:/C:/Users/catas/Documents/GitHub/analizador-de-sitios-web-paralelos/Proyecto(Registro,%20inicio%20de%20sesión,%20observer%20y%20bases%20analisis)/Proyecto/ProyectoCliente/src/GUI/JIFAsignarTarea.java</file>
            <file>file:/C:/Users/catas/Documents/GitHub/analizador-de-sitios-web-paralelos/Proyecto(Registro,%20inicio%20de%20sesión,%20observer%20y%20bases%20analisis)/Proyecto/ProyectoCliente/src/GUI/JIFDatosAnalisis.java</file>
            <file>file:/C:/Users/catas/Documents/GitHub/analizador-de-sitios-web-paralelos/Proyecto(Registro,%20inicio%20de%20sesión,%20observer%20y%20bases%20analisis)/Proyecto/ProyectoCliente/src/Domain/Sitio.java</file>
            <file>file:/C:/Users/catas/Documents/GitHub/analizador-de-sitios-web-paralelos/Proyecto(Registro,%20inicio%20de%20sesión,%20observer%20y%20bases%20analisis)/Proyecto/ProyectoCliente/src/Data/SitioData.java</file>
            <file>file:/C:/Users/catas/Documents/GitHub/analizador-de-sitios-web-paralelos/Proyecto(Registro,%20inicio%20de%20sesión,%20observer%20y%20bases%20analisis)/Proyecto/ProyectoCliente/src/Domain/Tarea.java</file>
            <file>file:/C:/Users/catas/Documents/GitHub/analizador-de-sitios-web-paralelos/Proyecto(Registro,%20inicio%20de%20sesión,%20observer%20y%20bases%20analisis)/Proyecto/ProyectoCliente/src/GUI/JIFGenerarPDF.java</file>
        </group>
    </open-files>
</project-private>
